{"cameraMode":{"drawMode":0,"name":"Shaded","section":"Shading Mode"},"sceneLighting":false,"audioPlay":false,"sceneViewState":{"m_AlwaysRefresh":false,"showFog":true,"showSkybox":false,"showFlares":true,"showImageEffects":true,"showParticleSystems":true,"showVisualEffectGraphs":true,"m_FxEnabled":true},"in2DMode":false,"pivot":{"x":-2.322144031524658,"y":2.3221664428710939,"z":-2.7514424324035646},"rotation":{"x":0.07957664132118225,"y":-0.059178486466407779,"z":-0.004742467310279608,"w":-0.9950852394104004},"size":5.484564304351807,"orthographic":false}